Date,AAPL,GOOG,MSFT
2020-01-02,72.71607971191406,68.04620361328125,153.3232879638672
2020-01-03,72.00911712646484,67.7122802734375,151.41412353515625
2020-01-06,72.5829086303711,69.38188171386719,151.80551147460938
2020-01-07,72.24153900146484,69.33856964111328,150.42135620117188
2020-01-08,73.40365600585938,69.88500213623047,152.81732177734375
2020-01-09,74.9627914428711,70.6568374633789,154.7264862060547
2020-01-10,75.13225555419922,71.1495132446289,154.0105743408203
2020-01-13,76.73741149902344,71.62226104736328,155.8624267578125
2020-01-14,75.70120239257812,71.20672607421875,154.76470947265625
2020-01-15,75.37678527832031,71.62077331542969,155.76693725585938
2020-01-16,76.32099914550781,72.2428207397461,158.62110900878906
2020-01-17,77.16594696044922,73.67057037353516,159.5088348388672
2020-01-21,76.64300537109375,73.8701171875,158.93614196777344
2020-01-22,76.91657257080078,73.9472427368164,158.17250061035156
2020-01-23,77.2870101928711,73.9820785522461,159.14614868164062
2020-01-24,77.06427001953125,72.98978424072266,157.54248046875
2020-01-27,74.79817199707031,71.35702514648438,154.90785217285156
2020-01-28,76.9141616821289,72.2856216430664,157.94338989257812
2020-01-29,78.52415466308594,72.58769226074219,160.40618896484375
2020-01-30,78.41034698486328,72.44884490966797,164.9308624267578
2020-01-31,74.93374633789062,71.37344360351562,162.49668884277344
2020-02-03,74.72795104980469,73.94674682617188,166.45814514160156
2020-02-04,77.19500732421875,72.01242065429688,171.93740844726562
2020-02-05,77.824462890625,72.07014465332031,171.72738647460938
2020-02-06,78.73477172851562,73.46355438232422,175.28793334960938
2020-02-07,77.66455841064453,73.61283111572266,175.5361328125
2020-02-10,78.03343200683594,75.0783920288086,180.12765502929688
2020-02-11,77.56263732910156,75.0838623046875,176.0611572265625
2020-02-12,79.40457916259766,75.55563354492188,176.3188934326172
2020-02-13,78.83909606933594,75.37599182128906,175.36431884765625
2020-02-14,78.85855865478516,75.67855072021484,176.9298553466797
2020-02-18,77.41461181640625,75.62529754638672,178.7244415283203
2020-02-19,78.53577423095703,75.97464752197266,179.2604217529297
2020-02-20,77.7300796508789,75.54966735839844,176.5229034423828
2020-02-21,75.97065734863281,73.90544891357422,170.9425506591797
2020-02-24,72.36201477050781,70.74441528320312,163.572265625
2020-02-25,69.91097259521484,69.0952377319336,160.87301635742188
2020-02-26,71.02001190185547,69.33061218261719,162.8831024169922
2020-02-27,66.3775634765625,65.59381103515625,151.40652465820312
2020-02-28,66.33872985839844,66.65080261230469,155.072509765625
2020-03-02,72.51492309570312,69.12808227539062,165.3909149169922
2020-03-03,70.21190643310547,66.75332641601562,157.46551513671875
2020-03-04,73.4686508178711,68.99918365478516,163.2468719482422
2020-03-05,71.0855484008789,65.6410903930664,159.15008544921875
2020-03-06,70.14152526855469,64.61445617675781,154.65135192871094
2020-03-09,64.59387969970703,60.491485595703125,144.1702880859375
2020-03-10,69.24604797363281,63.71770477294922,154.02920532226562
2020-03-11,66.84109497070312,60.4840202331543,147.05137634277344
2020-03-12,60.24021530151367,55.482704162597656,133.1052703857422
2020-03-13,67.45748138427734,60.69900131225586,152.0286865234375
2020-03-16,58.7792854309082,53.96091079711914,129.6211700439453
2020-03-17,61.36381912231445,55.72605514526367,140.29368591308594
2020-03-18,59.86163330078125,54.581478118896484,134.38787841796875
2020-03-19,59.40296936035156,55.501617431640625,136.5989990234375
2020-03-20,55.631744384765625,53.36324691772461,131.46849060058594
2020-03-23,54.449893951416016,52.58195114135742,130.15716552734375
2020-03-24,59.91260528564453,56.455596923828125,141.98788452148438
2020-03-25,59.582557678222656,54.8646354675293,140.62872314453125
2020-03-26,62.717960357666016,57.81366729736328,149.42514038085938
2020-03-27,60.12131118774414,55.27369689941406,143.28965759277344
2020-03-30,61.8370361328125,57.07068634033203,153.36875915527344
2020-03-31,61.71084976196289,57.86642074584961,150.95663452148438
2020-04-01,58.463809967041016,55.0203971862793,145.59645080566406
2020-04-02,59.43937301635742,55.777809143066406,148.611572265625
2020-04-03,58.58514404296875,54.63522720336914,147.2427978515625
2020-04-06,63.69596862792969,59.06624221801758,158.19290161132812
2020-04-07,62.958221435546875,59.04583740234375,156.48916625976562
2020-04-08,64.56961822509766,60.228729248046875,158.0589599609375
2020-04-09,65.03556060791016,60.286949157714844,158.06846618652344
2020-04-13,66.31205749511719,60.59101104736328,158.42266845703125
2020-04-14,69.66099548339844,63.16233444213867,166.26193237304688
2020-04-15,69.02519226074219,62.825923919677734,164.51988220214844
2020-04-16,69.57363891601562,62.875694274902344,169.45892333984375
2020-04-17,68.62962341308594,63.86003112792969,170.9521026611328
2020-04-20,67.20509338378906,63.03195571899414,167.563720703125
2020-04-21,65.12776184082031,60.530303955078125,160.63369750976562
2020-04-22,67.0036849975586,62.86274719238281,166.0896759033203
2020-04-23,66.74402618408203,63.51466369628906,164.07957458496094
2020-04-24,68.67088317871094,63.66395950317383,167.07553100585938
2020-04-27,68.71942138671875,63.49326705932617,166.59698486328125
2020-04-28,67.60550689697266,61.39271545410156,162.53851318359375
2020-04-29,69.82603454589844,66.75779724121094,169.83221435546875
2020-04-30,71.29908752441406,67.1151123046875,171.5360107421875
2020-05-01,70.15122985839844,65.71922302246094,167.09469604492188
2020-05-04,71.143798828125,66.02725982666016,171.18185424804688
2020-05-05,72.21157836914062,67.2370376586914,173.0196075439453
2020-05-06,72.95660400390625,67.04743194580078,174.72340393066406
2020-05-07,73.7113265991211,68.30448150634766,175.73802185058594
2020-05-08,75.46577453613281,69.09124755859375,176.7718048095703
2020-05-11,76.65325164794922,69.83224487304688,178.74356079101562
2020-05-12,75.7772445678711,68.46272277832031,174.69468688964844
2020-05-13,74.86231231689453,67.14845275878906,172.05288696289062
2020-05-14,75.32222747802734,67.48685455322266,172.79946899414062
2020-05-15,74.87689208984375,68.33582305908203,175.3168182373047
2020-05-18,76.64110565185547,68.87078857421875,176.99192810058594
2020-05-19,76.1982192993164,68.35050964355469,175.76670837402344
2020-05-20,77.68014526367188,70.00442504882812,178.20472717285156
2020-05-21,77.10099029541016,69.8093490600586,176.0642852783203
2020-05-22,77.597412109375,70.18855285644531,176.14108276367188
2020-05-26,77.0718002319336,70.5169906616211,174.27896118164062
2020-05-27,77.4075927734375,70.55780029296875,174.50929260253906
2020-05-28,77.44168090820312,70.50257110595703,174.11581420898438
2020-05-29,77.3662338256836,71.10919952392578,175.8915252685547
2020-06-01,78.31768035888672,71.25350952148438,175.4883575439453
2020-06-02,78.68024444580078,71.62176513671875,177.48484802246094
2020-06-03,79.1133804321289,71.48043823242188,177.91677856445312
2020-06-04,78.43204498291016,70.27613830566406,175.57473754882812
2020-06-05,80.66585540771484,71.5804672241211,179.682861328125
2020-06-08,81.14280700683594,71.9895248413086,180.79629516601562
2020-06-09,83.70513153076172,72.46477508544922,182.17845153808594
2020-06-10,85.85865783691406,72.9469985961914,188.93582153320312
2020-06-11,81.73653411865234,69.86109924316406,178.7902374267578
2020-06-12,82.44220733642578,70.3259048461914,180.2012176513672
2020-06-15,83.4617919921875,70.65782928466797,181.35304260253906
2020-06-16,85.67372131347656,71.79594421386719,185.79713439941406
2020-06-17,85.55449676513672,72.21395874023438,186.4402313232422
2020-06-18,85.58855438232422,71.45952606201172,188.4366455078125
2020-06-19,85.09945678710938,71.24853515625,187.3136444091797
2020-06-22,87.32598114013672,72.25079345703125,192.5160369873047
2020-06-23,89.18992614746094,72.87532043457031,193.80223083496094
2020-06-24,87.61553192138672,71.26097869873047,189.89566040039062
2020-06-25,88.77869415283203,71.72676086425781,192.29522705078125
2020-06-26,86.05089569091797,67.6744613647461,188.44627380371094
2020-06-29,88.03408813476562,69.41968536376953,190.4715576171875
2020-06-30,88.76895904541016,70.34729766845703,195.3379669189453
2020-07-01,88.60105895996094,71.56304931640625,196.4801788330078
2020-07-02,88.60105895996094,72.88975524902344,197.9775390625
2020-07-06,90.97116088867188,74.43245697021484,202.23924255371094
2020-07-07,90.68887329101562,73.908935546875,199.8876190185547
2020-07-08,92.801025390625,74.4473876953125,204.2837371826172
2020-07-09,93.20010375976562,75.19335174560547,205.7139129638672
2020-07-10,93.36314392089844,76.72359466552734,205.08993530273438
2020-07-13,92.93241882324219,75.21076202392578,198.75503540039062
2020-07-14,94.47032928466797,75.67059326171875,199.9835968017578
2020-07-15,95.12002563476562,75.3252182006836,199.68606567382812
2020-07-16,93.9495849609375,75.54219818115234,195.7315216064453
2020-07-17,93.759765625,75.42027282714844,194.7332763671875
2020-07-20,95.73567199707031,77.91695404052734,203.10308837890625
2020-07-21,94.41434478759766,77.55366516113281,200.36752319335938
2020-07-22,94.67958068847656,78.05479431152344,203.24708557128906
2020-07-23,90.37008666992188,75.42674255371094,194.40692138671875
2020-07-24,90.146240234375,75.23714447021484,193.21669006347656
2020-07-27,92.28273010253906,76.14932250976562,195.66432189941406
2020-07-28,90.76675415039062,74.66336059570312,193.9077911376953
2020-07-29,92.50659942626953,75.74224853515625,195.8658447265625
2020-07-30,93.62593841552734,76.21154022216797,195.71229553222656
2020-07-31,103.42752838134766,73.7984619140625,196.77772521972656
2020-08-03,106.03364562988281,73.37496948242188,207.84471130371094
2020-08-04,106.74173736572266,72.90318298339844,204.7252655029297
2020-08-05,107.1286392211914,73.3331527709961,204.3892822265625
2020-08-06,110.86630249023438,74.65141296386719,207.66238403320312
2020-08-07,108.34565734863281,74.37224578857422,203.94775390625
2020-08-10,109.92044067382812,74.45236206054688,199.8876190185547
2020-08-11,106.65142822265625,73.66707611083984,195.21316528320312
2020-08-12,110.1959228515625,74.97588348388672,200.78990173339844
2020-08-13,112.1460952758789,75.56459045410156,200.3195343017578
2020-08-14,112.0461654663086,75.03111267089844,200.5115203857422
2020-08-17,111.75362396240234,75.54120635986328,201.83609008789062
2020-08-18,112.6848373413086,77.56262969970703,202.99749755859375
2020-08-19,112.82623291015625,77.01173400878906,201.76596069335938
2020-08-20,115.3298110961914,78.71467590332031,206.46133422851562
2020-08-21,121.27304077148438,78.64848327636719,204.9603271484375
2020-08-24,122.72346496582031,79.03565216064453,205.60499572753906
2020-08-25,121.71672058105469,80.03192901611328,208.27981567382812
2020-08-26,123.3719482421875,82.22952270507812,212.78274536132812
2020-08-27,121.89708709716797,81.3312759399414,218.00729370117188
2020-08-28,121.69963073730469,81.83290100097656,220.24911499023438
2020-08-31,125.82672882080078,81.32380676269531,216.9970245361328
2020-09-01,130.83876037597656,82.6440658569336,218.6712188720703
2020-09-02,128.12796020507812,86.00662994384766,222.885498046875
2020-09-03,117.86992645263672,81.70500946044922,209.07838439941406
2020-09-04,117.94794464111328,79.1769790649414,206.14376831054688
2020-09-08,110.0106430053711,76.25830841064453,194.99229431152344
2020-09-09,114.3985824584961,77.48101043701172,203.29580688476562
2020-09-10,110.66394805908203,76.2398910522461,197.59979248046875
2020-09-11,109.2110595703125,75.67755889892578,196.31048583984375
2020-09-14,112.48738098144531,75.60588836669922,197.63827514648438
2020-09-15,112.66292572021484,76.70866394042969,200.88076782226562
2020-09-16,109.33782196044922,75.68650817871094,197.2919158935547
2020-09-17,107.59239196777344,74.42398834228516,195.2328643798828
2020-09-18,104.17955017089844,72.65536499023438,192.80819702148438
2020-09-21,107.33887481689453,71.22066497802734,194.8768768310547
2020-09-22,109.0257797241211,72.9275894165039,199.57223510742188
2020-09-23,104.45258331298828,70.42693328857422,193.00064086914062
2020-09-24,105.52519226074219,71.07783508300781,195.50228881835938
2020-09-25,109.48407745361328,71.90740966796875,199.9570770263672
2020-09-28,112.09734344482422,72.88080596923828,201.5157928466797
2020-09-29,111.24900817871094,73.12017059326172,199.4182891845703
2020-09-30,112.92620086669922,73.13361358642578,202.3721160888672
2020-10-01,113.88177490234375,74.15328216552734,204.42153930664062
2020-10-02,110.20567321777344,72.57723999023438,198.38873291015625
2020-10-05,113.5989990234375,73.95074462890625,202.42022705078125
2020-10-06,110.3421859741211,72.32940673828125,198.11932373046875
2020-10-07,112.21435546875,72.67030334472656,201.89100646972656
2020-10-08,112.10710906982422,73.94625854492188,202.61264038085938
2020-10-09,114.05731201171875,75.40385437011719,207.644775390625
2020-10-12,121.30228424072266,78.08763885498047,213.02330017089844
2020-10-13,118.08445739746094,78.21353912353516,214.42807006835938
2020-10-14,118.17223358154297,78.03439331054688,212.5037078857422
2020-10-15,117.70417785644531,77.58900451660156,211.34912109375
2020-10-16,116.05623626708984,78.27973175048828,211.34912109375
2020-10-19,113.09195709228516,76.3687744140625,206.11492919921875
2020-10-20,114.5838394165039,77.42975616455078,206.52865600585938
2020-10-21,113.95977783203125,79.2899398803711,206.6729736328125
2020-10-22,112.86769104003906,80.38575744628906,206.75958251953125
2020-10-23,112.17535400390625,81.6632080078125,208.0488739013672
2020-10-26,112.18511962890625,79.14762115478516,202.131591796875
2020-10-27,113.69650268554688,79.8348617553711,205.18162536621094
2020-10-28,108.43097686767578,75.47352600097656,195.01153564453125
2020-10-29,112.44839477539062,77.99259185791016,196.97439575195312
2020-10-30,106.14923095703125,80.66841125488281,194.80950927734375
2020-11-02,106.06148529052734,80.91822814941406,194.6748046875
2020-11-03,107.68990325927734,82.12153625488281,198.6196746826172
2020-11-04,112.08760833740234,87.0442123413086,208.202880859375
2020-11-05,116.0660171508789,87.75286102294922,214.84176635742188
2020-11-06,115.93415069580078,87.6722412109375,215.2555389404297
2020-11-09,113.61917877197266,87.73445129394531,210.1271514892578
2020-11-10,113.27730560302734,86.6092758178711,203.02638244628906
2020-11-11,116.71556854248047,87.22236633300781,208.35678100585938
2020-11-12,116.44207763671875,87.07955169677734,207.28878784179688
2020-11-13,116.49091339111328,88.43214416503906,208.31826782226562
2020-11-16,117.50675201416016,88.64911651611328,209.0110626220703
2020-11-17,116.61788940429688,88.09027099609375,206.34584045410156
2020-11-18,115.28945922851562,86.9272689819336,203.62545776367188
2020-11-19,115.88531494140625,87.78022766113281,204.9181365966797
2020-11-20,114.61549377441406,86.69886016845703,202.9597930908203
2020-11-23,111.20650482177734,86.33407592773438,202.68971252441406
2020-11-24,112.4958724975586,88.02706146240234,206.3072967529297
2020-11-25,113.33589172363281,88.15396118164062,206.31690979003906
2020-11-27,113.88288879394531,89.23683166503906,207.62890625
2020-11-30,116.2857894897461,87.62199401855469,206.50987243652344
2020-12-01,119.87056732177734,89.4811782836914,208.57424926757812
2020-12-02,120.22222900390625,90.96664428710938,207.76393127441406
2020-12-03,120.08545684814453,90.90791320800781,206.67384338378906
2020-12-04,119.41148376464844,90.96862030029297,206.7895965576172
2020-12-07,120.87664031982422,90.54513549804688,206.7221221923828
2020-12-08,121.49202728271484,90.49884796142578,208.38134765625
2020-12-09,118.95240020751953,88.78596496582031,204.3200225830078
2020-12-10,120.37848663330078,88.34803771972656,203.0852508544922
2020-12-11,119.5677719116211,88.66852569580078,205.7284698486328
2020-12-14,118.95240020751953,87.58815002441406,206.63525390625
2020-12-15,124.91075134277344,87.97181701660156,206.56776428222656
2020-12-16,124.84239196777344,87.73445129394531,211.53585815429688
2020-12-17,125.71170806884766,86.98300170898438,211.67091369628906
2020-12-18,123.71908569335938,86.14249420166016,210.8702392578125
2020-12-21,125.25262451171875,86.55851745605469,214.72897338867188
2020-12-22,128.81788635253906,85.76876831054688,216.03128051757812
2020-12-23,127.91924285888672,86.2106704711914,213.2144012451172
2020-12-24,128.9058074951172,86.53263854980469,214.88328552246094
2020-12-28,133.51622009277344,88.3858642578125,217.01527404785156
2020-12-29,131.73843383789062,87.5214614868164,216.23387145996094
2020-12-30,130.6151580810547,86.56597900390625,213.8511199951172
2020-12-31,129.6090545654297,87.18107604980469,214.56497192382812
2021-01-04,126.40522766113281,86.00464630126953,210.00198364257812
2021-01-05,127.96807098388672,86.63565063476562,210.20458984375
2021-01-06,123.66047668457031,86.35548400878906,204.75411987304688
2021-01-07,127.88017272949219,88.94123077392578,210.580810546875
2021-01-08,128.9839324951172,89.93453216552734,211.86383056640625
2021-01-11,125.98522186279297,87.91956329345703,209.80909729003906
2021-01-12,125.80938720703125,86.91582489013672,207.33949279785156
2021-01-13,127.8508529663086,87.30648040771484,208.69969177246094
2021-01-14,125.91685485839844,86.59883117675781,205.49693298339844
2021-01-15,124.18792724609375,86.4002685546875,205.1400146484375
2021-01-19,124.86193084716797,89.12088012695312,208.79615783691406
2021-01-20,128.9644317626953,93.90025329589844,216.4171600341797
2021-01-21,133.6919708251953,94.1167221069336,217.02488708496094
2021-01-22,135.8409423828125,94.60440826416016,217.9702911376953
2021-01-25,139.60154724121094,94.52230072021484,221.42388916015625
2021-01-26,139.83595275878906,95.41008758544922,224.1249542236328
2021-01-27,138.76153564453125,91.10796356201172,224.67483520507812
2021-01-28,133.9069366455078,92.71635437011719,230.49188232421875
2021-01-29,128.89601135253906,91.35430908203125,223.76806640625
2021-02-01,131.0254364013672,94.61933135986328,231.18649291992188
2021-02-02,131.85565185546875,95.92118072509766,231.05137634277344
2021-02-03,130.83006286621094,103.01557159423828,234.41819763183594
2021-02-04,134.19996643066406,102.63238525390625,233.46310424804688
2021-02-05,133.7841796875,104.40548706054688,233.6464080810547
2021-02-08,133.93092346191406,104.15219116210938,233.90687561035156
2021-02-09,133.05052185058594,103.68440246582031,235.1609344482422
2021-02-10,132.44400024414062,104.27510070800781,234.24453735351562
2021-02-11,132.18963623046875,104.30049133300781,235.8555450439453
2021-02-12,132.42445373535156,104.70954895019531,236.33790588378906
2021-02-16,130.2918701171875,105.59485626220703,235.09339904785156
2021-02-17,127.99300384521484,105.9138412475586,236.11834716796875
2021-02-18,126.88758850097656,105.36095428466797,235.72195434570312
2021-02-19,127.04411315917969,104.56175231933594,232.9952392578125
2021-02-22,123.25833892822266,102.75729370117188,226.74903869628906
2021-02-23,123.12137603759766,103.05488586425781,225.5500946044922
2021-02-24,122.62246704101562,104.2646484375,226.78770446777344
2021-02-25,118.35733795166016,101.08919525146484,221.41172790527344
2021-02-26,118.62147521972656,101.36289978027344,224.6895294189453
2021-03-01,125.00936889648438,103.58488464355469,229.0986328125
2021-03-02,122.39747619628906,103.3027114868164,226.13023376464844
2021-03-03,119.404052734375,100.85779571533203,220.02903747558594
2021-03-04,117.51604461669922,101.97151184082031,219.2264862060547
2021-03-05,118.7779769897461,104.93000793457031,223.9353790283203
2021-03-08,113.82807159423828,100.73139190673828,219.8646697998047
2021-03-09,118.45516204833984,102.15116119384766,226.04318237304688
2021-03-10,117.36930847167969,102.26712036132812,224.72821044921875
2021-03-11,119.30623626708984,105.24003601074219,229.28231811523438
2021-03-12,118.39646911621094,102.60999298095703,227.947998046875
2021-03-15,121.29205322265625,102.83741760253906,227.0391082763672
2021-03-16,122.8376693725586,104.13278198242188,229.8431396484375
2021-03-17,122.0453109741211,104.06111145019531,229.19532775878906
2021-03-18,117.9073486328125,101.33104705810547,223.08445739746094
2021-03-19,117.37908935546875,101.67840576171875,222.7267303466797
2021-03-22,120.70512390136719,101.44898223876953,228.18006896972656
2021-03-23,119.87362670898438,102.16410827636719,229.7174530029297
2021-03-24,117.47692108154297,101.77096557617188,227.6676025390625
2021-03-25,117.96603393554688,101.73612976074219,224.65086364746094
2021-03-26,118.57255554199219,101.2977066040039,228.65382385253906
2021-03-29,118.7486343383789,102.31289672851562,227.45486450195312
2021-03-30,117.29106140136719,102.29249572753906,224.17709350585938
2021-03-31,119.49210357666016,102.94391632080078,227.9673614501953
2021-04-01,120.3236083984375,106.38361358642578,234.32955932617188
2021-04-05,123.16050720214844,110.75292205810547,240.82717895507812
2021-04-06,123.4637451171875,110.71311950683594,239.65725708007812
2021-04-07,125.11697387695312,111.95374298095703,241.62969970703125
2021-04-08,127.52344512939453,112.73802185058594,244.86886596679688
2021-04-09,130.10601806640625,113.75520324707031,247.38282775878906
2021-04-12,128.38429260253906,112.20803833007812,247.4408416748047
2021-04-13,131.50489807128906,112.82909393310547,249.93540954589844
2021-04-14,129.15711975097656,112.21051025390625,247.13140869140625
2021-04-15,131.57339477539062,114.29166412353516,250.91201782226562
2021-04-16,131.2407684326172,114.3464126586914,252.1109619140625
2021-04-19,131.9059600830078,114.57730865478516,250.1771240234375
2021-04-20,130.21363830566406,114.14087677001953,249.7130584716797
2021-04-21,130.5951690673828,114.12395477294922,251.95620727539062
2021-04-22,129.06906127929688,112.86144256591797,248.6591339111328
2021-04-23,131.3972930908203,115.2192611694336,252.50738525390625
2021-04-26,131.78857421875,115.78856658935547,252.89410400390625
2021-04-27,131.4657745361328,114.81219482421875,253.30026245117188
2021-04-28,130.6733856201172,118.43453216552734,246.13548278808594
2021-04-29,130.57554626464844,120.9217529296875,244.15328979492188
2021-04-30,128.59951782226562,119.93791961669922,243.83425903320312
2021-05-03,129.656005859375,119.19393920898438,243.5248260498047
2021-05-04,125.06805419921875,117.1575927734375,239.5895538330078
2021-05-05,125.31262969970703,117.28150177001953,238.313232421875
2021-05-06,126.91693878173828,118.5062026977539,241.46536254882812
2021-05-07,127.59309387207031,119.3691177368164,244.10499572753906
2021-05-10,124.30059814453125,116.53105926513672,238.99972534179688
2021-05-11,123.3794937133789,114.89381408691406,238.0811767578125
2021-05-12,120.3025894165039,111.42623901367188,231.09043884277344
2021-05-13,122.4583969116211,112.56533813476562,234.98707580566406
2021-05-14,124.88853454589844,115.26206970214844,239.93760681152344
2021-05-17,123.73225402832031,115.5233383178711,237.06590270996094
2021-05-18,122.34080505371094,114.6285629272461,235.03543090820312
2021-05-19,122.18400573730469,114.89131927490234,235.61688232421875
2021-05-20,124.75135040283203,117.24915313720703,238.87318420410156
2021-05-21,122.90913391113281,116.70223999023438,237.60360717773438
2021-05-24,124.54557037353516,119.76624298095703,243.04049682617188
2021-05-25,124.34960174560547,119.88566589355469,243.95150756835938
2021-05-26,124.30059814453125,121.10289764404297,243.7285919189453
2021-05-27,122.76215362548828,119.55921173095703,241.6158447265625
2021-05-28,122.10562133789062,120.00958251953125,241.97445678710938
2021-06-01,121.78225708007812,120.91777801513672,239.7648162841797
2021-06-02,122.54658508300781,120.49329376220703,239.66790771484375
2021-06-03,121.05714416503906,119.6637191772461,238.12696838378906
2021-06-04,123.35990142822266,122.01010131835938,243.0501708984375
2021-06-07,123.36968994140625,122.72321319580078,245.9769744873047
2021-06-08,124.19280242919922,123.55728149414062,244.7752685546875
2021-06-09,124.5749740600586,123.98275756835938,245.7637939453125
2021-06-10,123.57547760009766,125.48564147949219,249.30111694335938
2021-06-11,124.79055786132812,125.10395050048828,249.9311065673828
2021-06-14,127.857666015625,125.75636291503906,251.86940002441406
2021-06-15,127.03453063964844,125.43885803222656,250.3865203857422
2021-06-16,127.53425598144531,125.10395050048828,249.43679809570312
2021-06-17,129.1413116455078,125.77527618408203,252.84820556640625
2021-06-18,127.8380355834961,124.97555541992188,251.42356872558594
2021-06-21,129.64108276367188,125.85887145996094,254.5247802734375
2021-06-22,131.2873077392578,126.40081024169922,257.31591796875
2021-06-23,131.01292419433594,125.86534881591797,257.083251953125
2021-06-24,130.72877502441406,126.68196868896484,258.4594421386719
2021-06-25,130.43479919433594,126.39633178710938,256.8410339355469
2021-06-28,132.07122802734375,126.2216567993164,260.4268798828125
2021-06-29,133.590087890625,125.42442321777344,263.02410888671875
2021-06-30,134.20741271972656,124.72525024414062,262.5395812988281
2021-07-01,134.5111846923828,125.77277374267578,263.2178955078125
2021-07-02,137.14710998535156,128.11219787597656,269.081298828125
2021-07-06,139.16574096679688,129.1592254638672,269.0909423828125
2021-07-07,141.6644744873047,129.46429443359375,271.2908935546875
2021-07-08,140.36117553710938,128.5680389404297,268.8583679199219
2021-07-09,142.19363403320312,128.96365356445312,269.3622741699219
2021-07-12,141.59588623046875,129.94850158691406,268.7614440917969
2021-07-13,142.7129364013672,130.37698364257812,272.3084411621094
2021-07-14,146.1524200439453,131.45985412597656,273.7912902832031
2021-07-15,145.4958953857422,130.64768981933594,272.35693359375
2021-07-16,143.44790649414062,131.22396850585938,272.0855712890625
2021-07-19,139.5870819091797,128.64466857910156,268.46099853515625
2021-07-20,143.21270751953125,130.4834747314453,270.69970703125
2021-07-21,142.477783203125,131.9753875732422,272.71551513671875
2021-07-22,143.84967041015625,132.69996643066406,277.30926513671875
2021-07-23,145.57427978515625,137.1663055419922,280.7303161621094
2021-07-26,145.9956512451172,138.98619079589844,280.12939453125
2021-07-27,143.82029724121094,136.151611328125,277.69683837890625
2021-07-28,142.0662384033203,135.73858642578125,277.3867492675781
2021-07-29,142.7129364013672,135.89682006835938,277.6581115722656
2021-07-30,142.92852783203125,134.58355712890625,276.1171569824219
2021-08-02,142.5953826904297,135.3484344482422,276.02996826171875
2021-08-03,144.3984375,135.6375732421875,278.25897216796875
2021-08-04,143.99664306640625,135.38723754882812,277.66778564453125
2021-08-05,144.10443115234375,136.29444885253906,280.5849914550781
2021-08-06,143.41744995117188,136.38998413085938,280.52679443359375
2021-08-09,143.36842346191406,137.3514404296875,279.4316101074219
2021-08-10,142.88754272460938,137.44549560546875,277.5999755859375
2021-08-11,143.1427001953125,137.04042053222656,278.0942687988281
2021-08-12,146.1162567138672,137.7371063232422,280.865966796875
2021-08-13,146.32232666015625,137.7535400390625,283.81219482421875
2021-08-16,148.30470275878906,138.26112365722656,285.5081481933594
2021-08-17,147.3920135498047,136.65325927734375,284.0350341796875
2021-08-18,143.63336181640625,135.92620849609375,282.2969665527344
2021-08-19,143.96702575683594,136.26806640625,288.1617431640625
2021-08-20,145.42929077148438,137.7843780517578,295.5316162109375
2021-08-23,146.92098999023438,140.43434143066406,295.8132019042969
2021-08-24,146.8326416015625,141.72720336914062,293.84210205078125
2021-08-25,145.59608459472656,142.27610778808594,293.2497863769531
2021-08-26,144.79141235351562,141.45301818847656,290.4144287109375
2021-08-27,145.83163452148438,143.8690643310547,291.0262451171875
2021-08-30,150.26744079589844,144.78375244140625,294.783935546875
2021-08-31,149.00144958496094,144.77626037597656,293.12353515625
2021-09-01,149.6687774658203,145.15447998046875,293.0749816894531
2021-09-02,150.7875518798828,143.53912353515625,292.4147033691406
2021-09-03,151.42544555664062,144.09249877929688,292.4050598144531
2021-09-07,153.77093505859375,144.83299255371094,291.4728698730469
2021-09-08,152.2203826904297,144.20050048828125,291.5019836425781
2021-09-09,151.1997528076172,144.2303466796875,288.6278381347656
2021-09-10,146.19476318359375,141.25196838378906,287.1325378417969
2021-09-13,146.76397705078125,142.78868103027344,288.3753662109375
2021-09-14,145.3605499267578,142.72996520996094,291.0941467285156
2021-09-15,146.25364685058594,144.52146911621094,295.9782409667969
2021-09-16,146.01808166503906,143.69290161132812,296.3666687011719
2021-09-17,143.33897399902344,140.796630859375,291.1718444824219
2021-09-20,140.27713012695312,138.36166381835938,285.763427734375
2021-09-21,140.75794982910156,138.98818969726562,286.2489013671875
2021-09-22,143.1328887939453,140.27410888671875,289.91925048828125
2021-09-23,144.09461975097656,141.1579132080078,290.8708190917969
2021-09-24,144.1829376220703,141.96060180664062,290.6669006347656
2021-09-27,142.66184997558594,140.8339385986328,285.6372375488281
2021-09-28,139.26629638671875,135.54202270507812,275.29608154296875
2021-09-29,140.1691436767578,133.88685607910156,275.7621765136719
2021-09-30,138.86390686035156,132.63726806640625,273.7425231933594
2021-10-01,139.9924774169922,135.81919860839844,280.71429443359375
2021-10-04,136.54791259765625,133.13442993164062,274.8979797363281
2021-10-05,138.48118591308594,135.5350341796875,280.38409423828125
2021-10-06,139.35459899902344,136.7064971923828,284.6078796386719
2021-10-07,140.62054443359375,138.52935791015625,286.2974853515625
2021-10-08,140.23780822753906,139.39576721191406,286.2974853515625
2021-10-11,140.14950561523438,138.19296264648438,285.6955261230469
2021-10-12,138.87371826171875,136.06849670410156,284.3846435546875
2021-10-13,138.284912109375,137.24990844726562,287.71514892578125
2021-10-14,141.08180236816406,140.74537658691406,293.9682922363281
2021-10-15,142.14170837402344,141.00711059570312,295.38592529296875
2021-10-18,143.8198699951172,142.28656005859375,298.37664794921875
2021-10-19,145.98867797851562,143.14401245117188,299.2893371582031
2021-10-20,146.4793701171875,141.74362182617188,298.49310302734375
2021-10-21,146.69525146484375,142.10740661621094,301.7460021972656
2021-10-22,145.91998291015625,137.97149658203125,300.1923828125
2021-10-25,145.87091064453125,138.11880493164062,299.1922912597656
2021-10-26,146.53823852539062,139.0135498046875,301.11480712890625
2021-10-27,146.07701110839844,145.73721313476562,313.7959899902344
2021-10-28,149.7277069091797,145.4401397705078,314.9418029785156
2021-10-29,147.00927734375,147.571533203125,322.0008544921875
2021-11-01,146.18496704101562,143.0962371826172,319.816162109375
2021-11-02,147.2251739501953,145.17538452148438,323.46710205078125
2021-11-03,148.6678009033203,146.0980224609375,324.3118591308594
2021-11-04,148.14767456054688,147.9821014404297,326.6810607910156
2021-11-05,148.67840576171875,148.53746032714844,326.3121337890625
2021-11-08,147.85284423828125,148.64743041992188,327.215087890625
2021-11-09,148.21646118164062,148.54493713378906,326.205322265625
2021-11-10,145.37615966796875,145.93479919433594,321.2046813964844
2021-11-11,145.32704162597656,146.0562286376953,322.7874450683594
2021-11-12,147.4105987548828,148.94003295898438,326.9529724121094
2021-11-15,147.42041015625,148.6837615966797,326.3218688964844
2021-11-16,148.40322875976562,148.3732452392578,329.662109375
2021-11-17,150.85040283203125,148.3592987060547,329.8857727050781
2021-11-18,155.155029296875,149.99855041503906,331.97723388671875
2021-11-19,157.78897094726562,149.24560546875,333.7670593261719
2021-11-22,158.25088500976562,146.38514709472656,330.57647705078125
2021-11-23,158.63418579101562,146.06517028808594,328.4849853515625
2021-11-24,159.15504455566406,146.02584838867188,328.70867919921875
2021-11-26,154.11331176757812,142.13278198242188,320.70281982421875
2021-11-29,157.48426818847656,145.42520141601562,327.4635925292969
2021-11-30,162.4573211669922,141.78045654296875,321.5879821777344
2021-12-01,161.9364013671875,140.9503936767578,321.0919189453125
2021-12-02,160.94374084472656,143.09872436523438,320.51800537109375
2021-12-03,159.05679321289062,141.8486328125,314.2144775390625
2021-12-06,162.47695922851562,143.1186065673828,317.307861328125
2021-12-07,168.23614501953125,147.33863830566406,325.8001708984375
2021-12-08,172.06910705566406,148.0194091796875,325.8487854003906
2021-12-09,171.55801391601562,147.40782165527344,324.02972412109375
2021-12-10,176.36392211914062,147.97412109375,333.2127380371094
2021-12-13,172.71775817871094,146.01292419433594,330.15814208984375
2021-12-14,171.33201599121094,144.28709411621094,319.3992919921875
2021-12-15,176.21653747558594,146.67379760742188,325.5375061035156
2021-12-16,169.29754638671875,144.1557159423828,316.05303955078125
2021-12-17,168.19686889648438,142.1298065185547,314.98297119140625
2021-12-20,166.8307647705078,141.73019409179688,311.1988525390625
2021-12-21,170.01504516601562,143.54063415527344,318.3778991699219
2021-12-22,172.61944580078125,146.25628662109375,324.1269836425781
2021-12-23,173.2484588623047,146.44883728027344,325.5763854980469
2021-12-27,177.22885131835938,147.3660125732422,333.1251220703125
2021-12-28,176.20672607421875,145.75762939453125,331.95782470703125
2021-12-29,176.29515075683594,145.81387329101562,332.6387634277344
2021-12-30,175.1354217529297,145.31422424316406,330.080322265625
2021-12-31,174.51626586914062,143.99746704101562,327.1620178222656
2022-01-03,178.87989807128906,144.3905792236328,325.6347961425781
2022-01-04,176.609619140625,143.73570251464844,320.0510559082031
2022-01-05,171.91184997558594,137.0045928955078,307.7650451660156
2022-01-06,169.04205322265625,136.90255737304688,305.33306884765625
2022-01-07,169.20912170410156,136.358642578125,305.4886779785156
2022-01-10,169.22877502441406,137.92076110839844,305.7124328613281
2022-01-11,172.06910705566406,139.35745239257812,306.4031066894531
2022-01-12,172.51136779785156,140.98023986816406,309.6035461425781
2022-01-13,169.22877502441406,138.47511291503906,296.5002746582031
2022-01-14,170.09368896484375,139.12754821777344,301.75335693359375
2022-01-18,166.87989807128906,135.64801025390625,294.40887451171875
2022-01-19,163.37127685546875,135.01251220703125,295.0702819824219
2022-01-20,161.680908203125,132.87713623046875,293.387451171875
2022-01-21,159.6170196533203,129.47872924804688,287.9690856933594
2022-01-24,158.840576171875,129.7574005126953,288.29986572265625
2022-01-25,157.03221130371094,126.13804626464844,280.6343994140625
2022-01-26,156.9437713623047,128.63075256347656,288.63067626953125
2022-01-27,156.48184204101562,128.51229858398438,291.67535400390625
2022-01-28,167.40078735351562,132.66114807128906,299.8660888671875
2022-01-31,171.77426147460938,135.05880737304688,302.5120849609375
2022-02-01,171.60719299316406,137.228515625,300.3525390625
2022-02-02,172.81600952148438,147.33863830566406,304.924560546875
2022-02-03,169.9265899658203,141.97804260253906,293.0469970703125
2022-02-04,169.64122009277344,142.341796875,297.60931396484375
2022-02-07,168.9228515625,138.2830352783203,292.7551574707031
2022-02-08,172.04232788085938,138.5567169189453,296.2668762207031
2022-02-09,173.4691925048828,140.7861785888672,302.73577880859375
2022-02-10,169.37550354003906,137.94911193847656,294.1462097167969
2022-02-11,165.95101928710938,133.49771118164062,287.006103515625
2022-02-14,166.1871795654297,134.6621856689453,286.9671936035156
2022-02-15,170.0348358154297,135.78237915039062,292.2882080078125
2022-02-16,169.7986602783203,136.83937072753906,291.9470520019531
2022-02-17,166.1871795654297,131.68478393554688,283.3982238769531
2022-02-18,164.63235473632812,129.8524627685547,280.6688232421875
2022-02-22,161.69989013671875,128.79246520996094,280.464111328125
2022-02-23,157.51768493652344,126.9835433959961,273.20196533203125
2022-02-24,160.14511108398438,132.0480499267578,287.16082763671875
2022-02-25,162.221435546875,133.8853759765625,289.812255859375
2022-02-28,162.48712158203125,134.25511169433594,291.25494384765625
2022-03-01,160.59776306152344,133.5355224609375,287.5118103027344
2022-03-02,163.90419006347656,134.1162567138672,292.6196594238281
2022-03-03,163.5794219970703,133.6748504638672,288.45733642578125
2022-03-04,160.56820678710938,131.49916076660156,282.5501403808594
2022-03-07,156.75994873046875,125.86833190917969,271.87628173828125
2022-03-08,154.92959594726562,126.67849731445312,268.8934326171875
2022-03-09,160.35174560546875,133.23492431640625,281.22442626953125
2022-03-10,155.99237060546875,132.0565185546875,278.3878479003906
2022-03-11,152.26280212402344,129.86041259765625,273.00701904296875
2022-03-14,148.2183380126953,126.14352416992188,269.4685974121094
2022-03-15,152.6170654296875,129.0492706298828,279.9084777832031
2022-03-16,157.04531860351562,133.0602569580078,286.9659423828125
2022-03-17,158.0588836669922,133.9659881591797,287.7749938964844
2022-03-18,161.3653106689453,136.15660095214844,292.85357666015625
2022-03-21,162.7429962158203,135.8351287841797,291.6156311035156
2022-03-22,166.12814331054688,139.61619567871094,296.39202880859375
2022-03-23,167.49598693847656,137.85057067871094,291.93731689453125
2022-03-24,171.29443359375,140.6458282470703,296.4310302734375
2022-03-25,171.93406677246094,140.8543701171875,296.02166748046875
2022-03-28,172.80001831054688,141.2808380126953,302.8646240234375
2022-03-29,176.10646057128906,142.57469177246094,307.45587158203125
2022-03-30,174.9354248046875,141.9720458984375,305.9448547363281
2022-03-31,171.82583618164062,138.99118041992188,300.5348815917969
2022-04-01,171.53062438964844,140.03672790527344,301.6169738769531
2022-04-04,175.59475708007812,142.96534729003906,307.02691650390625
2022-04-05,172.2686309814453,140.3980255126953,303.04010009765625
2022-04-06,169.09014892578125,136.5293426513672,291.9470520019531
2022-04-07,169.3951873779297,135.82168579101562,293.7698974609375
2022-04-08,167.37786865234375,133.37875366210938,289.48089599609375
2022-04-11,163.10707092285156,129.1846160888672,278.0661926269531
2022-04-12,164.9866485595703,127.76932525634766,274.9468994140625
2022-04-13,167.68295288085938,129.67181396484375,280.3666076660156
2022-04-14,162.6544189453125,126.65310668945312,272.7731018066406
2022-04-18,162.43792724609375,127.35777282714844,273.4456787109375
2022-04-19,164.7307891845703,129.9156494140625,278.1051025390625
2022-04-20,164.56346130371094,127.64093780517578,279.138427734375
2022-04-21,163.76641845703125,124.34852600097656,273.7283935546875
2022-04-22,159.21022033691406,119.05012512207031,267.11932373046875
2022-04-25,160.28285217285156,122.66898345947266,273.6407165527344
2022-04-26,154.29983520507812,118.94263458251953,263.405517578125
2022-04-27,154.07347106933594,114.47827911376953,276.0776672363281
2022-04-28,161.03073120117188,118.84857940673828,282.3259582519531
2022-04-29,155.13624572753906,114.42453002929688,270.5213928222656
2022-05-02,155.44129943847656,116.60470581054688,277.29608154296875
2022-05-03,156.93707275390625,117.57261657714844,274.6739501953125
2022-05-04,163.37277221679688,121.9971694946289,282.66717529296875
2022-05-05,154.270263671875,116.19613647460938,270.35565185546875
2022-05-06,154.9995574951172,115.1147689819336,267.80169677734375
2022-05-09,149.85523986816406,112.5509033203125,257.9076843261719
2022-05-10,152.2696990966797,114.04434204101562,262.70355224609375
2022-05-11,144.37583923339844,113.42377471923828,253.97926330566406
2022-05-12,140.49298095703125,112.62754821777344,248.9104461669922
2022-05-13,144.9770050048828,115.96623229980469,254.53494262695312
2022-05-16,143.4297637939453,114.25135803222656,254.90533447265625
2022-05-17,147.07614135742188,116.15135192871094,260.09124755859375
2022-05-18,138.77822875976562,111.87113189697266,248.24932861328125
2022-05-19,135.35853576660156,110.22342681884766,247.33090209960938
2022-05-20,135.5950469970703,108.79769134521484,246.7642059326172
2022-05-23,141.03500366210938,111.14008331298828,254.6685791015625
2022-05-24,138.32485961914062,105.4266586303711,253.6621856689453
2022-05-25,138.48255920410156,105.34056091308594,256.49566650390625
2022-05-26,141.69528198242188,107.78548431396484,259.7981262207031
2022-05-27,147.47032165527344,112.26725006103516,266.9696044921875
2022-05-31,146.6819305419922,113.50141143798828,265.631103515625
2022-06-01,146.5537872314453,113.59894561767578,266.1684875488281
2022-06-02,149.01756286621094,117.19093322753906,268.27886962890625
2022-06-03,143.27207946777344,114.02393341064453,263.82354736328125
2022-06-06,144.0210723876953,116.45889282226562,262.5826721191406
2022-06-07,146.5537872314453,116.67686462402344,266.2466125488281
2022-06-08,145.814697265625,116.68531799316406,264.20458984375
2022-06-09,140.5718231201172,114.37625885009766,258.7135314941406
2022-06-10,135.14170837402344,110.9022216796875,247.1843719482422
2022-06-13,129.96780395507812,106.37267303466797,236.70059204101562
2022-06-14,130.83506774902344,106.68867492675781,238.87939453125
2022-06-15,133.4663543701172,109.87010955810547,245.98257446289062
2022-06-16,128.17420959472656,106.13330841064453,239.34841918945312
2022-06-17,129.6524658203125,107.35701751708984,241.96685791015625
2022-06-21,133.8999481201172,111.4869384765625,247.9171600341797
2022-06-22,133.3875274658203,111.50585174560547,247.3211212158203
2022-06-23,136.26519775390625,112.1532974243164,252.91961669921875
2022-06-24,139.6060333251953,117.97919464111328,261.5567932128906
2022-06-27,139.6060333251953,116.07272338867188,258.8113098144531
2022-06-28,135.4472198486328,112.04083251953125,250.59429931640625
2022-06-29,137.21127319335938,111.72730255126953,254.2875213623047
2022-06-30,134.73764038085938,108.85690307617188,250.93624877929688
2022-07-01,136.9156036376953,108.56678009033203,253.62310791015625
2022-07-05,139.5074920654297,113.35012817382812,256.81805419921875
2022-07-06,140.84774780273438,114.67036437988281,260.1009521484375
2022-07-07,144.22802734375,118.74356842041016,262.2406311035156
2022-07-08,144.90802001953125,119.60201263427734,261.5177001953125
2022-07-11,142.76947021484375,115.97319793701172,258.44000244140625
2022-07-12,143.7451171875,114.3080825805664,247.8487548828125
2022-07-13,143.3805389404297,111.65814208984375,246.92056274414062
2022-07-14,146.31729125976562,110.91466522216797,248.24932861328125
2022-07-15,147.9926300048828,112.23540496826172,250.82876586914062
2022-07-18,144.9375762939453,109.39187622070312,248.4154510498047
2022-07-19,148.8105926513672,114.07966613769531,253.57424926757812
2022-07-20,150.8209991455078,114.15928649902344,256.2513427734375
2022-07-21,153.0975341796875,114.49768829345703,258.76239013671875
2022-07-22,151.85580444335938,107.84917449951172,254.38522338867188
2022-07-25,150.7322998046875,107.69988250732422,252.89035034179688
2022-07-26,149.4019012451172,104.94294738769531,246.1193389892578
2022-07-27,154.5166473388672,113.0644760131836,262.57293701171875
2022-07-28,155.06854248046875,114.0498046875,270.06695556640625
2022-07-29,160.15370178222656,116.09014129638672,274.29754638671875
2022-08-01,159.16818237304688,114.93562316894531,271.63018798828125
2022-08-02,157.68997192382812,115.35363006591797,268.513427734375
2022-08-03,163.72122192382812,118.22004699707031,275.98779296875
2022-08-04,163.40586853027344,118.30963134765625,277.1407470703125
2022-08-05,163.17889404296875,117.66270446777344,276.4177551269531
2022-08-08,162.7052001953125,117.58307647705078,273.8871765136719
2022-08-09,162.75453186035156,116.94609069824219,275.82171630859375
2022-08-10,167.01780700683594,120.08123779296875,282.5243225097656
2022-08-11,166.27769470214844,119.25515747070312,280.43341064453125
2022-08-12,169.8402557373047,122.07181549072266,285.2112121582031
2022-08-15,170.91595458984375,122.30072021484375,286.73541259765625
2022-08-16,170.75802612304688,121.9324722290039,285.99285888671875
2022-08-17,172.25807189941406,119.75279998779297,285.23895263671875
2022-08-18,171.86334228515625,120.29025268554688,284.1129455566406
2022-08-19,169.2678680419922,117.56317138671875,280.17681884765625
2022-08-22,165.36976623535156,114.52754974365234,271.95208740234375
2022-08-23,165.0341796875,114.22895050048828,270.6695251464844
2022-08-24,165.3302459716797,114.15928649902344,270.03314208984375
2022-08-25,167.79745483398438,117.1451416015625,273.02923583984375
2022-08-26,161.4716033935547,110.77532196044922,262.4938049316406
2022-08-29,159.26100158691406,109.81983947753906,259.6935729980469
2022-08-30,156.8234405517578,109.39187622070312,257.4806823730469
2022-08-31,155.15562438964844,108.63545989990234,256.011962890625
2022-09-01,155.88595581054688,110.02885437011719,254.9643096923828
2022-09-02,153.76414489746094,108.16767120361328,250.71493530273438
2022-09-06,152.50094604492188,106.97332763671875,247.9635772705078
2022-09-07,153.91217041015625,109.95919036865234,252.70257568359375
2022-09-08,152.43186950683594,108.90418243408203,253.1235809326172
2022-09-09,155.3036651611328,111.25304412841797,258.93963623046875
2022-09-12,161.28407287597656,111.34263610839844,261.0839538574219
2022-09-13,151.82003784179688,104.81355285644531,246.7299041748047
2022-09-14,153.27072143554688,105.37091827392578,246.95510864257812
2022-09-15,150.3693084716797,103.41020965576172,240.25787353515625
2022-09-16,148.72125244140625,103.14147186279297,239.6312255859375
2022-09-19,152.45159912109375,103.36043548583984,239.4158172607422
2022-09-20,154.83982849121094,101.34996032714844,237.38902282714844
2022-09-21,151.7015838623047,99.53854370117188,233.96209716796875
2022-09-22,150.73446655273438,100.09590148925781,235.94973754882812
2022-09-23,148.45480346679688,98.70249938964844,232.95361328125
2022-09-26,148.7903594970703,98.34420013427734,232.49339294433594
2022-09-27,149.76731872558594,97.6275863647461,231.47511291503906
2022-09-28,147.87254333496094,100.26509094238281,236.037841796875
2022-09-29,140.60914611816406,97.6275863647461,232.54237365722656
2022-09-30,136.38536071777344,95.69673919677734,228.0383758544922
2022-10-03,140.57958984375,98.83189392089844,235.71473693847656
2022-10-04,144.18165588378906,101.92723846435547,243.68482971191406
2022-10-05,144.47769165039062,101.73812103271484,243.99813842773438
2022-10-06,143.52044677734375,101.75802612304688,241.63845825195312
2022-10-07,138.2505645751953,99.1006088256836,229.35043334960938
2022-10-10,138.5762176513672,98.24465942382812,224.46458435058594
2022-10-11,137.15512084960938,97.58778381347656,220.70474243164062
2022-10-12,136.5235137939453,97.83659362792969,221.03761291503906
2022-10-13,141.11248779296875,99.23995208740234,229.35043334960938
2022-10-14,136.56301879882812,96.72188568115234,223.78897094726562
2022-10-17,140.5400848388672,100.30490112304688,232.5717315673828
2022-10-18,141.86251831054688,100.91203308105469,233.521484375
2022-10-19,141.9710693359375,99.81722259521484,231.5436248779297
2022-10-20,141.50721740722656,100.05608367919922,231.2205352783203
2022-10-21,145.33627319335938,101.0016098022461,237.06591796875
2022-10-24,147.48764038085938,102.48458099365234,242.08885192871094
2022-10-25,150.33970642089844,104.43535614013672,245.4276580810547
2022-10-26,147.38897705078125,94.37300109863281,226.4913787841797
2022-10-27,142.89874267578125,92.16346740722656,222.01675415039062
2022-10-28,153.695068359375,96.12471008300781,230.94638061523438
2022-10-31,151.32656860351562,94.21376037597656,227.2844696044922
2022-11-01,148.67190551757812,90.07337188720703,223.40713500976562
2022-11-02,143.1256866455078,86.65953826904297,215.5055694580078
2022-11-03,137.0564727783203,83.0964126586914,209.77769470214844
2022-11-04,136.78955078125,86.29127502441406,216.76864624023438
2022-11-07,137.32334899902344,88.23209381103516,223.1133575439453
2022-11-08,137.8966827392578,88.49087524414062,224.09249877929688
2022-11-09,133.3199005126953,86.98798370361328,219.8235321044922
2022-11-10,145.1819610595703,93.72607421875,237.90797424316406
2022-11-11,147.9794158935547,96.27400970458984,241.95176696777344
2022-11-14,146.57574462890625,95.57730102539062,236.5078125
2022-11-15,148.31553649902344,98.25462341308594,236.9190673828125
2022-11-16,147.07986450195312,98.52335357666016,237.35107421875
2022-11-17,148.9877166748047,98.03565979003906,237.30197143554688
2022-11-18,149.5511932373047,97.3389663696289,236.85032653808594
2022-11-21,146.3088836669922,95.37825012207031,237.66529846191406
2022-11-22,148.4539031982422,96.87117767333984,240.59129333496094
2022-11-23,149.33370971679688,98.3541488647461,243.0950927734375
2022-11-25,146.40771484375,97.13990020751953,243.00672912597656
2022-11-28,142.56240844726562,95.7962646484375,237.3805389404297
2022-11-29,139.54747009277344,94.99008178710938,235.97645568847656
2022-11-30,146.32864379882812,100.97174835205078,250.51817321777344
2022-12-01,146.60545349121094,100.80255889892578,250.07630920410156
2022-12-02,146.11119079589844,100.35468292236328,250.40032958984375
2022-12-05,144.9447479248047,99.39920806884766,245.66763305664062
2022-12-06,141.26747131347656,96.85126495361328,240.6796875
2022-12-07,139.3201141357422,94.70144653320312,239.9432373046875
2022-12-08,141.01048278808594,93.5071029663086,242.91835021972656
2022-12-09,140.52610778808594,92.63125610351562,240.9742431640625
2022-12-12,142.82933044433594,93.11894226074219,247.93577575683594
2022-12-13,143.79806518554688,95.39814758300781,252.26588439941406
2022-12-14,141.56402587890625,94.86068725585938,252.56048583984375
2022-12-15,134.93115234375,90.77007293701172,244.49920654296875
2022-12-16,132.96405029296875,90.43167114257812,240.2574462890625
2022-12-19,130.8486328125,88.729736328125,236.09425354003906
2022-12-20,130.7794189453125,89.20746612548828,237.41981506347656
2022-12-21,133.8932342529297,89.82454681396484,240.00216674804688
2022-12-22,130.71022033691406,87.84393310546875,233.8751983642578
2022-12-23,130.34451293945312,89.3866195678711,234.40541076660156
2022-12-27,128.53550720214844,87.51548767089844,232.66751098632812
2022-12-28,124.59138488769531,86.05241394042969,230.28150939941406
2022-12-29,128.12034606933594,88.53067779541016,236.6441192626953
2022-12-30,128.43666076660156,88.31172180175781,235.47569274902344
2023-01-03,123.63253021240234,89.27713775634766,235.24005126953125
2023-01-04,124.90770721435547,88.29180908203125,224.94989013671875
2023-01-05,123.58309936523438,86.36094665527344,218.28285217285156
2023-01-06,128.1302032470703,87.74440002441406,220.85537719726562
2023-01-09,128.6541290283203,88.38138580322266,223.0057373046875
2023-01-10,129.22747802734375,88.81930541992188,224.70440673828125
2023-01-11,131.95578002929688,91.82508087158203,231.49905395507812
2023-01-12,131.87669372558594,91.47672271728516,234.18942260742188
2023-01-13,133.21116638183594,92.36253356933594,234.89637756347656
2023-01-17,134.37759399414062,91.72554779052734,235.99606323242188
2023-01-18,133.65599060058594,91.34733581542969,231.53829956054688
2023-01-19,133.71530151367188,93.46730041503906,227.72860717773438
2023-01-20,136.28541564941406,98.81198120117188,235.868408203125
2023-01-23,139.48818969726562,100.73287963867188,238.18565368652344
2023-01-24,140.89187622070312,98.7423095703125,237.6554412841797
2023-01-25,140.2295379638672,96.27400970458984,236.25135803222656
2023-01-26,142.30543518066406,98.69255065917969,243.50750732421875
2023-01-27,144.25277709960938,100.23523712158203,243.6645965576172
2023-01-30,141.3564453125,97.48824310302734,238.31333923339844
2023-01-31,142.63160705566406,99.39920806884766,243.32095336914062
2023-02-01,143.75851440429688,100.95184326171875,248.1714324951172
2023-02-02,149.08656311035156,108.287109375,259.8067932128906
2023-02-03,152.72427368164062,104.72398376464844,253.6699981689453
2023-02-06,149.98609924316406,102.98223114013672,252.11859130859375
2023-02-07,152.87252807617188,107.53069305419922,262.7131652832031
2023-02-08,150.17393493652344,99.52857971191406,261.8982238769531
2023-02-09,149.13600158691406,95.0099868774414,258.84454345703125
2023-02-10,149.50228881835938,94.41281127929688,258.333984375
2023-02-13,152.31398010253906,94.55216217041016,266.4050598144531
2023-02-14,151.67042541503906,94.50239562988281,267.23968505859375
2023-02-15,153.77915954589844,96.64225769042969,265.1036376953125
2023-02-16,152.1753692626953,95.32847595214844,258.0458679199219
2023-02-17,151.0269317626953,94.14408111572266,254.01991271972656
2023-02-21,146.99755859375,91.61607360839844,248.7143096923828
2023-02-22,147.4232940673828,91.36725616455078,247.57244873046875
2023-02-23,147.9084014892578,90.64067840576172,250.7814178466797
2023-02-24,145.24526977539062,88.92878723144531,245.31829833984375
2023-02-27,146.44314575195312,89.67525482177734,246.2435760498047
2023-02-28,145.93824768066406,89.87432098388672,245.5151824951172
2023-03-01,143.8592071533203,90.08332061767578,242.4145050048828
2023-03-02,144.45323181152344,91.87483978271484,247.17872619628906
2023-03-03,149.52212524414062,93.57676696777344,251.29327392578125
2023-03-06,152.2941436767578,95.1294174194336,252.84852600097656
2023-03-07,150.08642578125,93.72607421875,250.17112731933594
2023-03-08,151.34375,94.20381164550781,249.72816467285156
2023-03-09,149.08648681640625,92.22319793701172,248.36978149414062
2023-03-10,147.0173797607422,90.58096313476562,244.69818115234375
2023-03-13,148.96768188476562,91.22791290283203,249.94473266601562
2023-03-14,151.06654357910156,93.80569458007812,256.7071228027344
2023-03-15,151.46253967285156,96.09485626220703,261.28436279296875
2023-03-16,154.2939910888672,100.59354400634766,271.8759460449219
2023-03-17,153.4524688720703,101.97698211669922,275.0553894042969
2023-03-20,155.82852172851562,101.4494857788086,267.96807861328125
2023-03-21,157.6897430419922,105.34104919433594,269.49383544921875
2023-03-22,156.25424194335938,103.72869110107422,268.027099609375
2023-03-23,157.3432159423828,105.75907897949219,273.3130798339844
2023-03-24,158.6500701904297,105.56002044677734,276.1775207519531
2023-03-27,156.69973754882812,102.57415771484375,272.0531005859375
2023-03-28,156.0760040283203,100.8821792602539,270.92108154296875
2023-03-29,159.1648712158203,101.41963195800781,276.1184997558594
2023-03-30,160.739013671875,100.84236907958984,279.60302734375
2023-03-31,163.2536163330078,103.50973510742188,283.7864685058594
2023-04-03,164.51095581054688,104.41545104980469,282.7332458496094
2023-04-04,163.97634887695312,104.62445068359375,282.6839904785156
2023-04-05,162.125,104.45525360107422,279.8884582519531
2023-04-06,163.0160369873047,108.38663482666016,287.0348205566406
2023-04-10,160.41229248046875,106.4458236694336,284.8594055175781
2023-04-11,159.19454956054688,105.61973571777344,278.4021301269531
2023-04-12,158.50155639648438,104.72398376464844,279.0517883300781
2023-04-13,163.9070281982422,107.67997741699219,285.3023376464844
2023-04-14,163.560546875,108.9439926147461,281.66033935546875
2023-04-17,163.580322265625,105.91831970214844,284.2786865234375
2023-04-18,164.8079833984375,104.62445068359375,283.85540771484375
2023-04-19,165.95639038085938,104.52490997314453,283.9341735839844
2023-04-20,164.98614501953125,105.40077209472656,281.6307373046875
2023-04-21,163.3724365234375,105.41073608398438,281.2862548828125
2023-04-24,163.67935180664062,106.27661895751953,277.35870361328125
2023-04-25,162.13490295410156,104.11685180664062,271.108154296875
2023-04-26,162.125,103.95760345458984,290.745849609375
2023-04-27,166.72860717773438,107.85913848876953,300.05767822265625
2023-04-28,167.98590087890625,107.7098388671875,302.44970703125
2023-05-01,167.8968048095703,107.20223999023438,300.7762451171875
2023-05-02,166.8572540283203,105.48040008544922,300.6286315917969
2023-05-03,165.7781524658203,105.61973571777344,299.6344299316406
2023-05-04,164.1347198486328,104.71402740478516,300.6286315917969
2023-05-05,171.8370819091797,105.71428680419922,305.7865905761719
2023-05-08,171.76776123046875,107.729736328125,303.81787109375
2023-05-09,170.0550537109375,107.43116760253906,302.1937255859375
2023-05-10,171.8271942138672,111.75070190429688,307.42059326171875
2023-05-11,172.0152587890625,116.34891510009766,305.2549743652344
2023-05-12,171.0833740234375,117.36410522460938,304.1328430175781
2023-05-15,170.58767700195312,116.40863800048828,304.6152038574219
2023-05-16,170.58767700195312,119.52387237548828,306.8595275878906
2023-05-17,171.20233154296875,120.90733337402344,309.7597961425781
2023-05-18,173.54200744628906,122.93769836425781,314.21875
2023-05-19,173.65106201171875,122.66898345947266,314.04119873046875
2023-05-22,172.69932556152344,125.2766342163086,316.8428649902344
2023-05-23,170.0820770263672,122.70880126953125,311.0028076171875
2023-05-24,170.35963439941406,121.06657409667969,309.6118469238281
2023-05-25,171.499755859375,123.7637939453125,321.5189208984375
2023-05-26,173.91871643066406,124.83870697021484,328.3947448730469
2023-05-30,175.7726287841797,124.05242919921875,326.7374267578125
2023-05-31,175.72305297851562,122.78842163085938,323.95550537109375
2023-06-01,178.53857421875,123.78370666503906,328.0888671875
2023-06-02,179.39117431640625,124.63965606689453,330.870849609375
2023-06-05,178.03298950195312,126.03303527832031,331.403564453125
2023-06-06,177.6661376953125,127.30702209472656,329.174072265625
2023-06-07,176.2881622314453,122.3604507446289,319.01312255859375
2023-06-08,179.01446533203125,122.09172058105469,320.8677978515625
2023-06-09,179.40109252929688,122.29077911376953,322.37713623046875
2023-06-12,182.20669555664062,123.7637939453125,327.3687744140625
2023-06-13,181.73085021972656,123.84342193603516,329.7758483886719
2023-06-14,182.3653106689453,123.79365539550781,332.78460693359375
2023-06-15,184.4075927734375,125.19700622558594,343.39935302734375
2023-06-16,183.32696533203125,123.47516632080078,337.70721435546875
2023-06-20,183.4161834716797,123.26615142822266,333.48504638671875
2023-06-21,182.37527465820312,120.68836975097656,329.0556640625
2023-06-22,185.3890838623047,123.28605651855469,335.1226501464844
2023-06-23,185.07180786132812,122.4400634765625,330.4959716796875
2023-06-26,183.67398071289062,118.5285873413086,324.1626892089844
2023-06-27,186.43992614746094,118.44896697998047,330.0520324707031
2023-06-28,187.61965942382812,120.50920867919922,331.31475830078125
2023-06-29,187.95672607421875,119.44425964355469,330.52557373046875
2023-06-30,192.2990264892578,120.39973449707031,335.94140625
2023-07-03,190.80201721191406,119.99166870117188,333.4258728027344
2023-07-05,189.6817626953125,122.0519027709961,333.5837097167969
2023-07-06,190.15760803222656,120.35991668701172,336.6615905761719
2023-07-07,189.037353515625,119.57363891601562,332.666259765625
2023-07-10,186.9851837158203,116.31906127929688,327.3489990234375
2023-07-11,186.45974731445312,117.15509796142578,327.9804382324219
2023-07-12,188.1351776123047,119.05609893798828,332.64654541015625
2023-07-13,188.89852905273438,124.24153137207031,338.0328063964844
2023-07-14,189.04725646972656,125.10743713378906,340.57794189453125
2023-07-17,192.31886291503906,124.47045135498047,341.06134033203125
2023-07-18,192.06106567382812,123.49507141113281,354.6354675292969
2023-07-19,193.41928100585938,122.20118713378906,350.2850646972656
2023-07-20,191.46624755859375,118.96652221679688,342.1859436035156
2023-07-21,190.28652954101562,119.74284362792969,339.12774658203125
2023-07-24,191.08950805664062,121.30543518066406,340.4497375488281
2023-07-25,191.95204162597656,122.2111587524414,346.2404479980469
2023-07-26,192.82444763183594,129.04876708984375,333.2088317871094
2023-07-27,191.55548095703125,129.25778198242188,326.2540283203125
2023-07-28,194.1430206298828,132.38296508789062,333.8007507324219
2023-07-31,194.7576446533203,132.48251342773438,331.3837890625
2023-08-01,193.9248809814453,131.26824951171875,331.79815673828125
2023-08-02,190.9209747314453,128.0335693359375,323.0775146484375
2023-08-03,189.5231475830078,128.1629638671875,322.2488708496094
2023-08-04,180.42222595214844,127.93403625488281,323.3537292480469
2023-08-07,177.30926513671875,131.31800842285156,325.6522521972656
2023-08-08,178.25108337402344,131.21849060058594,321.6470642089844
2023-08-09,176.65493774414062,129.5364532470703,317.87872314453125
2023-08-10,176.4368438720703,129.59617614746094,318.5692138671875
2023-08-11,176.4964141845703,129.5563507080078,316.6751708984375
2023-08-14,178.15428161621094,131.20855712890625,319.6642150878906
2023-08-15,176.15887451171875,129.65589904785156,317.513671875
2023-08-16,175.28529357910156,128.50135803222656,316.7425842285156
2023-08-17,172.73399353027344,129.84500122070312,313.2627868652344
2023-08-18,173.2204132080078,127.50607299804688,312.8673400878906
2023-08-21,174.56060791015625,128.32220458984375,318.2056884765625
2023-08-22,175.94049072265625,129.07861328125,318.7790832519531
2023-08-23,179.8022003173828,132.58203125,323.2672424316406
2023-08-24,175.09666442871094,129.80519104003906,316.3174743652344
2023-08-25,177.31045532226562,130.07391357421875,319.2931823730469
2023-08-28,178.8789520263672,131.16873168945312,320.0049133300781
2023-08-29,182.7803497314453,134.8512725830078,324.6611328125
2023-08-30,186.28468322753906,136.28448486328125,325.03680419921875
2023-08-31,186.50306701660156,136.70252990722656,324.0185852050781
2023-09-01,188.08151245117188,136.1551055908203,324.9083251953125
2023-09-05,188.31976318359375,136.0655517578125,329.7424621582031
2023-09-06,181.5791473388672,134.73184204101562,329.08013916015625
2023-09-07,176.26808166503906,135.5579376220703,326.14404296875
2023-09-08,176.88357543945312,136.55322265625,330.4542541503906
2023-09-11,178.05499267578125,137.09068298339844,334.08233642578125
2023-09-12,175.0172576904297,135.42855834960938,327.9828186035156
2023-09-13,172.94247436523438,136.851806640625,332.22381591796875
2023-09-14,174.46133422851562,138.3347930908203,334.833740234375
2023-09-15,173.73663330078125,137.6480255126953,326.45050048828125
2023-09-18,176.6750946044922,138.30491638183594,325.3037109375
2023-09-19,177.76710510253906,138.17555236816406,324.89837646484375
2023-09-20,174.21315002441406,133.9555206298828,317.10833740234375
2023-09-21,172.6645050048828,130.74075317382812,315.88250732421875
2023-09-22,173.51821899414062,130.6312713623047,313.3913269042969
2023-09-25,174.79884338378906,131.5469207763672,313.9152526855469
2023-09-26,170.7088165283203,128.83975219726562,308.576904296875
2023-09-27,169.18995666503906,130.84027099609375,309.2194519042969
2023-09-28,169.44808959960938,132.50241088867188,310.05975341796875
2023-09-29,169.9643096923828,131.2284393310547,312.1456604003906
2023-10-02,172.48580932617188,134.5327911376953,318.1265869140625
2023-10-03,171.1456298828125,132.6715850830078,309.8126525878906
2023-10-04,172.39645385742188,135.62759399414062,315.3190002441406
2023-10-05,173.6373748779297,135.3489227294922,315.7144775390625
2023-10-06,176.19859313964844,138.07598876953125,323.5242919921875
2023-10-09,177.68768310546875,138.84237670898438,326.0550537109375
2023-10-10,177.092041015625,138.5437774658203,324.6413879394531
2023-10-11,178.49179077148438,141.03199768066406,328.62542724609375
2023-10-12,179.39517211914062,139.62863159179688,327.3797302246094
2023-10-13,177.5487060546875,137.9267120361328,323.9888916015625
2023-10-16,177.41964721679688,139.82769775390625,328.84283447265625
2023-10-17,175.86106872558594,140.32534790039062,328.2695007324219
2023-10-18,174.56060791015625,138.62339782714844,326.3417663574219
2023-10-19,174.18338012695312,138.32484436035156,327.5379333496094
2023-10-20,171.62213134765625,136.0953826904297,322.9410705566406
2023-10-23,171.7412567138672,137.24990844726562,325.5607604980469
2023-10-24,172.17807006835938,139.45945739746094,326.7569274902344
2023-10-25,169.8551025390625,126.07286071777344,336.78125
2023-10-26,165.67572021484375,122.85808563232422,324.1471252441406
2023-10-27,166.9960479736328,122.81827545166016,326.045166015625
2023-10-30,169.05096435546875,125.15718841552734,333.4595642089844
2023-10-31,169.52748107910156,124.70932006835938,334.2503967285156
2023-11-01,172.70420837402344,126.96862030029297,342.11956787109375
2023-11-02,176.2780303955078,127.9738540649414,344.3439025878906
2023-11-03,175.3647003173828,129.75540161132812,348.7727355957031
2023-11-06,177.9259490966797,130.830322265625,352.4601745605469
2023-11-07,180.49710083007812,131.7758331298828,356.41448974609375
2023-11-08,181.559326171875,132.63177490234375,359.05401611328125
2023-11-09,181.08279418945312,131.06919860839844,356.57269287109375
2023-11-10,185.2875518798828,133.4280242919922,365.4501647949219
2023-11-13,183.6970977783203,133.00999450683594,362.4942932128906
2023-11-14,186.32135009765625,134.79156494140625,366.0433044433594
2023-11-15,186.88792419433594,135.73709106445312,366.19189453125
2023-11-16,188.5778045654297,138.046142578125,372.63079833984375
2023-11-17,188.5579376220703,136.29444885253906,366.3702087402344
2023-11-20,190.30740356445312,137.26983642578125,373.8888244628906
2023-11-21,189.5022430419922,137.96652221679688,369.5599060058594
2023-11-22,190.16824340820312,139.3599090576172,374.2949523925781
2023-11-24,188.83624267578125,137.5684051513672,373.8788757324219
2023-11-27,188.6573028564453,137.39923095703125,375.0477600097656
2023-11-28,189.26368713378906,137.96652221679688,379.099365234375
2023-11-29,188.23983764648438,135.75698852539062,375.2855224609375
2023-11-30,188.81637573242188,133.28866577148438,375.344970703125
2023-12-01,190.0986785888672,132.6915283203125,370.9863586425781
2023-12-04,188.29945373535156,130.0142059326172,365.6669006347656
2023-12-05,192.2656707763672,131.76589965820312,369.0151062011719
2023-12-06,191.17222595214844,130.81040954589844,365.330078125
2023-12-07,193.110595703125,137.7973175048828,367.4598693847656
2023-12-08,194.5419921875,135.99586486816406,370.708984375
2023-12-11,192.027099609375,134.0649871826172,367.8065490722656
2023-12-12,193.5479736328125,133.00999450683594,370.85760498046875
2023-12-13,196.778564453125,133.3384552001953,370.84765625
2023-12-14,196.92767333984375,132.57208251953125,362.4870910644531
2023-12-15,196.39089965820312,133.20904541015625,367.241943359375
2023-12-18,194.72091674804688,136.5432586669922,369.1438293457031
2023-12-19,195.7646484375,137.448974609375,369.7481384277344
2023-12-20,193.667236328125,139.00161743164062,367.1329345703125
2023-12-21,193.51812744140625,141.1315460205078,370.0255126953125
2023-12-22,192.44459533691406,142.04721069335938,371.0556945800781
2023-12-26,191.89785766601562,142.146728515625,371.13494873046875
2023-12-27,191.9972686767578,140.77325439453125,370.550537109375
2023-12-28,192.42471313476562,140.61399841308594,371.7491149902344
2023-12-29,191.38096618652344,140.26564025878906,372.501953125
2024-01-02,184.53208923339844,138.90208435058594,367.380615234375
2024-01-03,183.150390625,139.6983184814453,367.1131591796875
2024-01-04,180.82435607910156,137.38925170898438,364.4781799316406
2024-01-05,180.09869384765625,136.74232482910156,364.28997802734375
2024-01-08,184.45254516601562,139.8675079345703,371.1646728515625
2024-01-09,184.0350799560547,141.887939453125,372.25433349609375
2024-01-10,185.07879638671875,143.1221160888672,379.1685791015625
2024-01-11,184.48236083984375,142.9927215576172,381.01116943359375
2024-01-12,184.8104248046875,143.56002807617188,384.8150329589844
2024-01-16,182.53407287597656,143.40078735351562,386.5980529785156
2024-01-17,181.58973693847656,142.21640014648438,385.80560302734375
2024-01-18,187.50425720214844,144.30650329589844,390.1642150878906
2024-01-19,190.416748046875,147.2724609375,394.91912841796875
2024-01-22,192.7328643798828,147.013671875,392.7793884277344
2024-01-23,194.01513671875,147.97909545898438,395.1468811035156
2024-01-24,193.33921813964844,149.64125061035156,398.7724304199219
2024-01-25,193.01116943359375,152.9157257080078,401.06072998046875
2024-01-26,191.2716064453125,153.0650177001953,400.12957763671875
2024-01-29,190.5857391357422,154.11007690429688,405.8651123046875
2024-01-30,186.91775512695312,152.32852172851562,404.7457275390625
2024-01-31,183.2994842529297,141.1315460205078,393.83929443359375
2024-02-01,185.74481201171875,142.03724670410156,399.9809875488281
2024-02-02,184.7408447265625,142.8633270263672,407.35101318359375
2024-02-05,186.55992126464844,144.2467803955078,401.8333740234375
2024-02-06,188.17025756835938,144.72451782226562,401.67486572265625
2024-02-07,188.2795867919922,145.98854064941406,410.1543273925781
2024-02-08,187.19610595703125,146.5260009765625,410.21380615234375
2024-02-09,187.9624786376953,149.5118408203125,416.5931396484375
2024-02-12,186.27044677734375,148.0288543701172,411.3529968261719
2024-02-13,184.17037963867188,145.67999267578125,402.49713134765625
2024-02-14,183.28456115722656,146.4463653564453,406.3873596191406
2024-02-15,182.99594116210938,143.26145935058594,403.4795837402344
2024-02-16,181.4532012939453,141.0917205810547,400.99853515625
2024-02-20,180.70672607421875,141.52963256835938,399.7381591796875
2024-02-21,181.46316528320312,143.1619110107422,399.13275146484375
2024-02-22,183.50350952148438,144.63494873046875,408.531005859375
2024-02-23,181.6622314453125,144.60507202148438,407.2309265136719
2024-02-26,180.30862426757812,138.09593200683594,404.4521484375
2024-02-27,181.77169799804688,139.43954467773438,404.39263916015625
2024-02-28,180.5673828125,136.78213500976562,404.63079833984375
2024-02-29,179.90054321289062,139.1210479736328,410.50592041015625
2024-03-01,178.81565856933594,137.4290771484375,412.3518371582031
2024-03-04,174.277099609375,133.56735229492188,411.7762451171875
2024-03-05,169.32049560546875,133.14935302734375,399.5992126464844
2024-03-06,168.3251953125,131.93508911132812,399.04345703125
2024-03-07,168.20574951171875,134.6024627685547,406.0400390625
2024-03-08,169.92762756347656,135.6475067138672,403.14215087890625
2024-03-11,171.93812561035156,138.2850341796875,401.4549865722656
2024-03-12,172.41586303710938,138.96180725097656,412.13348388671875
2024-03-13,170.3257598876953,140.1063995361328,411.95489501953125
2024-03-14,172.18695068359375,143.65956115722656,421.9981994628906
2024-03-15,171.80874633789062,141.49978637695312,413.264892578125
2024-03-18,172.90357971191406,147.78004455566406,414.1580505371094
2024-03-19,175.25250244140625,147.22268676757812,418.21710205078125
2024-03-20,177.830322265625,148.97438049316406,422.0081481933594
2024-03-21,170.5646209716797,148.03883361816406,426.11676025390625
2024-03-22,171.4703369140625,151.05455017089844,425.4915466308594
2024-03-25,170.04708862304688,150.4374542236328,419.6560363769531
2024-03-26,168.91241455078125,150.98486328125,418.4552307128906
2024-03-27,172.49549865722656,151.22372436523438,418.2369079589844
2024-03-28,170.67410278320312,151.54222106933594,417.53228759765625
2024-04-01,169.2309112548828,155.76222229003906,421.3531188964844
2024-04-02,168.0465087890625,155.1352081298828,418.2468566894531
2024-04-03,168.8527069091797,155.6328582763672,417.26434326171875
2024-04-04,168.026611328125,151.22372436523438,414.7138366699219
2024-04-05,168.7830352783203,153.2143096923828,422.2958984375
2024-04-08,167.65835571289062,155.4039306640625,421.3729553222656
2024-04-09,168.8726043701172,157.39451599121094,423.0501708984375
2024-04-10,166.99148559570312,156.91677856445312,420.0530700683594
2024-04-11,174.2173614501953,160.03201293945312,424.6876220703125
2024-04-12,175.72027587890625,158.43955993652344,418.703369140625
2024-04-15,171.87841796875,155.59304809570312,410.50592041015625
2024-04-16,168.583984375,155.26458740234375,411.43878173828125
2024-04-17,167.21046447753906,156.1404571533203,408.7195739746094
2024-04-18,166.2549591064453,156.7177276611328,401.2069091796875
2024-04-19,164.2245635986328,154.98590087890625,396.095947265625
2024-04-22,165.06060791015625,157.2053985595703,397.9219665527344
2024-04-23,166.11561584472656,159.16612243652344,404.48193359375
2024-04-24,168.2256622314453,160.34056091308594,405.96063232421875
2024-04-25,169.09158325195312,157.2053985595703,396.0165710449219
2024-04-26,168.5043487548828,172.87120056152344,403.2414245605469
2024-04-29,172.6846160888672,167.10850524902344,399.20220947265625
2024-04-30,169.52951049804688,163.86387634277344,386.380126953125
2024-05-01,168.5043487548828,164.78948974609375,391.9476013183594
2024-05-02,172.21682739257812,167.66586303710938,394.8256530761719
2024-05-03,182.51817321777344,168.19337463378906,403.5788269042969
2024-05-06,180.8560333251953,169.02938842773438,410.4067077636719
2024-05-07,181.5428009033203,172.16455078125,406.2384948730469
2024-05-08,181.88119506835938,170.35313415527344,407.4294128417969
2024-05-09,183.70260620117188,170.7711639404297,409.1959533691406
2024-05-10,182.4368438720703,169.48721313476562,411.59759521484375
2024-05-13,185.65603637695312,170.0943603515625,410.5853271484375
2024-05-14,186.8021697998047,171.1195068359375,413.40380859375
2024-05-15,189.08450317382812,173.06031799316406,420.6317443847656
2024-05-16,189.2041015625,174.60299682617188,418.5538330078125
2024-05-17,189.2340087890625,176.45420837402344,417.7783203125
2024-05-20,190.4000701904297,177.6187286376953,422.878662109375
2024-05-21,191.70570373535156,178.69361877441406,426.5572509765625
2024-05-22,190.26055908203125,177.16087341308594,428.0287170410156
2024-05-23,186.2540283203125,174.2347412109375,424.529052734375
2024-05-24,189.3436279296875,175.49876403808594,427.6707763671875
2024-05-28,189.35360717773438,177.18080139160156,427.8298645019531
2024-05-29,189.652587890625,176.56370544433594,426.6865234375
2024-05-30,190.6492462158203,172.7418212890625,412.2704162597656
2024-05-31,191.6060333251953,173.1399383544922,412.7277526855469
2024-06-03,193.38006591796875,173.5977783203125,411.1270446777344
2024-06-04,193.69900512695312,174.30442810058594,413.6623229980469
2024-06-05,195.21389770507812,176.2352752685547,421.5563659667969
2024-06-06,193.8285369873047,177.5092315673828,422.0633850097656
2024-06-07,196.23048400878906,175.12054443359375,421.3973083496094
2024-06-10,192.4730987548828,175.9973907470703,425.3940124511719
2024-06-11,206.4561004638672,177.55181884765625,430.1761779785156
2024-06-12,212.35630798339844,178.91690063476562,438.5076904296875
2024-06-13,213.52236938476562,176.10699462890625,439.0246887207031
2024-06-14,211.77822875976562,177.7311553955078,440.00897216796875
2024-06-17,215.94422912597656,178.1396942138672,445.775390625
2024-06-18,213.5721893310547,175.8180389404297,443.75714111328125
2024-06-20,208.97763061523438,177.0735321044922,443.1208801269531
2024-06-21,206.7949981689453,179.61439514160156,447.17724609375
2024-06-24,207.4427947998047,180.14248657226562,445.0794677734375
2024-06-25,208.36968994140625,184.9153289794922,448.3404541015625
2024-06-26,212.5356903076172,184.70606994628906,449.54345703125
2024-06-27,213.3828582763672,186.1907501220703,450.2294616699219
2024-06-28,209.91448974609375,182.7630615234375,444.3636169433594
2024-07-01,216.02395629882812,183.82925415039062,454.0870056152344
2024-07-02,219.53216552734375,185.941650390625,456.62225341796875
2024-07-03,220.80787658691406,186.71885681152344,458.1036376953125
2024-07-05,225.5818328857422,191.27249145507812,464.8543395996094
2024-07-08,227.056884765625,189.7977752685547,463.5419921875
2024-07-09,227.9139862060547,189.7579345703125,456.8807678222656
2024-07-10,232.1995849609375,191.96998596191406,463.55194091796875
2024-07-11,226.80772399902344,186.62918090820312,452.06878662109375
2024-07-12,229.76776123046875,186.1110382080078,450.9254150390625
2024-07-15,233.61483764648438,187.5159912109375,451.3330383300781
2024-07-16,234.033447265625,184.8356170654297,446.91876220703125
2024-07-17,228.1133270263672,181.9659423828125,440.9534606933594
2024-07-18,223.42906188964844,178.57810974121094,437.8216857910156
2024-07-19,223.5586395263672,178.7475128173828,434.5805358886719
2024-07-22,223.20982360839844,182.69332885742188,440.3768310546875
2024-07-23,224.25628662109375,182.94244384765625,442.2757873535156
2024-07-24,217.8079376220703,173.7454833984375,426.4180603027344
2024-07-25,216.76148986816406,168.5541534423828,415.97882080078125
2024-07-26,217.2299041748047,168.0758514404297,422.8090515136719
2024-07-29,217.50897216796875,170.51710510253906,424.2606506347656
2024-07-30,218.06710815429688,171.24449157714844,420.4726867675781
2024-07-31,221.3361053466797,172.52984619140625,415.9291076660156
2024-08-01,217.62855529785156,171.83236694335938,414.6962585449219
2024-08-02,219.12355041503906,167.79685974121094,406.12615966796875
2024-08-05,208.56903076171875,160.0646514892578,392.8633728027344
2024-08-06,206.5358428955078,159.9650115966797,397.29754638671875
2024-08-07,209.11717224121094,160.1742706298828,396.1243896484375
2024-08-08,212.59547424316406,163.25318908691406,400.3597106933594
2024-08-09,215.51568603515625,164.7976531982422,403.6704406738281
2024-08-12,217.0522918701172,163.36280822753906,404.4559020996094
2024-08-13,220.78408813476562,165.33570861816406,411.6142272949219
2024-08-14,221.23309326171875,161.44969177246094,414.4477233886719
2024-08-15,224.22650146484375,162.58560180664062,419.34808349609375
2024-08-16,225.5535888671875,164.1499786376953,416.7983093261719
2024-08-19,225.3939208984375,167.79685974121094,419.8460693359375
2024-08-20,226.0125732421875,168.35487365722656,423.10302734375
2024-08-21,225.90281677246094,167.02963256835938,422.4456787109375
2024-08-22,224.0369110107422,164.8972930908203,413.88995361328125
2024-08-23,226.3418426513672,166.83035278320312,415.1250305175781
2024-08-26,226.68109130859375,167.32855224609375,411.8382263183594
2024-08-27,227.52923583984375,165.78411865234375,412.18682861328125
2024-08-28,225.99261474609375,163.91082763671875,408.9597473144531
2024-08-29,229.28536987304688,162.8147735595703,411.4696960449219
2024-08-30,228.49710083007812,164.51864624023438,415.4736328125
2024-09-03,222.28079223632812,158.0419464111328,407.80438232421875
2024-09-04,220.36500549316406,157.2447967529297,407.26654052734375
2024-09-05,221.8916473388672,158.03196716308594,406.75860595703125
2024-09-06,220.33506774902344,151.58514404296875,400.0953369140625
2024-09-09,220.4248809814453,149.20054626464844,404.0992431640625
2024-09-10,219.62661743164062,149.6694793701172,412.5453796386719
2024-09-11,222.17103576660156,151.80462646484375,421.3500671386719
2024-09-12,222.28079223632812,155.1869354248047,425.29425048828125
2024-09-13,222.01136779785156,158.01051330566406,428.869873046875
2024-09-16,215.84495544433594,158.62911987304688,429.61688232421875
2024-09-17,216.31390380859375,159.9161834716797,433.41168212890625
2024-09-18,220.20535278320312,160.44497680664062,429.0890197753906
2024-09-19,228.3673858642578,162.86947631835938,436.9375305175781
2024-09-20,227.6988525390625,164.2662811279297,433.53118896484375
2024-09-23,225.97265625,162.69985961914062,431.77825927734375
2024-09-24,226.8706817626953,163.2685546875,427.45556640625
2024-09-25,225.8728790283203,162.62002563476562,430.3838195800781
2024-09-26,227.02035522460938,163.4581298828125,429.5870056152344
2024-09-27,227.2897491455078,164.91481018066406,426.3101501464844
2024-09-30,232.48831176757812,166.8105010986328,428.5810241699219
2024-10-01,225.71322631835938,168.03770446777344,419.0094299316406
2024-10-02,226.28196716308594,166.9302215576172,415.46368408203125
2024-10-03,225.17440795898438,166.83045959472656,414.87603759765625
2024-10-04,226.30194091796875,168.17738342285156,414.39794921875
2024-10-07,221.2031707763672,164.016845703125,407.9040222167969
2024-10-08,225.27420043945312,165.32386779785156,413.0533447265625
2024-10-09,229.03591918945312,162.6898651123047,415.7923278808594
2024-10-10,228.53700256347656,162.80958557128906,414.1788024902344
2024-10-11,227.05029296875,164.1465606689453,414.65692138671875
2024-10-14,230.79205322265625,165.972412109375,417.46563720703125
2024-10-15,233.33645629882812,166.52114868164062,417.0672302246094
2024-10-16,231.27099609375,166.3615264892578,414.45770263671875
2024-10-17,231.6401824951172,164.13658142089844,415.0553283691406
2024-10-18,234.4839324951172,164.67535400390625,416.4895324707031
2024-10-21,235.96067810058594,165.4236602783203,417.1070861816406
2024-10-22,235.342041015625,166.44134521484375,425.8022155761719
2024-10-23,230.25323486328125,164.1066436767578,422.9038391113281
2024-10-24,230.06365966796875,164.1565399169922,423.0332946777344
2024-10-25,230.9018096923828,166.61094665527344,426.43963623046875
2024-10-28,232.88743591308594,167.9578857421875,424.8858947753906
2024-10-29,233.15684509277344,170.75152587890625,430.2244873046875
2024-10-30,229.59469604492188,175.7401885986328,430.8021545410156
2024-10-31,225.4138946533203,172.2980194091797,404.72674560546875
2024-11-01,222.4204864501953,172.2581024169922,408.73065185546875
2024-11-04,221.52244567871094,170.2925567626953,406.8282775878906
2024-11-05,222.95928955078125,171.0209197998047,409.8163146972656
2024-11-06,222.23089599609375,177.9252166748047,418.50146484375
2024-11-07,226.98043823242188,181.86624145507812,423.73052978515625
2024-11-08,226.7107391357422,179.45175170898438,420.85205078125
2024-11-11,223.98373413085938,181.55694580078125,416.34014892578125
2024-11-12,223.98373413085938,182.90390014648438,421.340087890625
2024-11-13,224.8727569580078,180.080322265625,423.50146484375
2024-11-14,227.9693603515625,176.94744873046875,425.1846923828125
2024-11-15,224.7528839111328,173.4952850341797,413.3421936035156
2024-11-18,227.7695770263672,176.39869689941406,414.0991516113281
2024-11-19,228.02928161621094,179.17236328125,416.1210632324219
2024-11-20,228.7484893798828,176.92747497558594,413.8302001953125
2024-11-21,228.26902770996094,168.85585021972656,412.0437927246094
2024-11-22,229.61753845214844,166.19192504882812,416.16552734375
2024-11-25,232.61424255371094,169.04541015625,417.95196533203125
2024-11-26,234.8018341064453,170.2327117919922,427.133544921875
2024-11-27,234.67198181152344,170.43226623535156,422.1435546875
2024-11-29,237.06935119628906,170.10301208496094,422.61260986328125
2024-12-02,239.3268585205078,172.5873565673828,430.1175842285156
2024-12-03,242.3834991455078,172.6272735595703,430.3371276855469
2024-12-04,242.74310302734375,175.69029235839844,436.544677734375
2024-12-05,242.7730712890625,173.91433715820312,441.7342529296875
2024-12-06,242.5732879638672,176.0894012451172,442.682373046875
2024-12-09,246.47900390625,176.89846801757812,445.12744140625
2024-12-10,247.4978790283203,186.31773376464844,442.4428405761719
2024-12-11,246.2192840576172,196.4861602783203,448.0915222167969
2024-12-12,247.68768310546875,193.40965270996094,448.6603698730469
2024-12-13,247.85748291015625,191.16221618652344,446.37493896484375
2024-12-16,250.7642822265625,197.93450927734375,450.6863098144531
2024-12-17,253.20159912109375,196.8956756591797,453.5505676269531
2024-12-18,247.77757263183594,189.93360900878906,436.5147399902344
2024-12-19,249.51565551757812,189.484130859375,436.15545654296875
2024-12-20,254.21051025390625,192.74041748046875,435.726318359375
2024-12-23,254.98965454101562,195.7669677734375,434.3790283203125
2024-12-24,257.91644287109375,197.34518432617188,438.4508361816406
2024-12-26,258.7355041503906,196.87571716308594,437.2332763671875
2024-12-27,255.30929565429688,193.81918334960938,429.66845703125
2024-12-30,251.9230194091797,192.47073364257812,423.9798583984375
2024-12-31,250.1449737548828,190.22328186035156,420.6565246582031
2025-01-02,243.5821990966797,190.41307067871094,417.74237060546875
2025-01-03,243.0927276611328,192.9102325439453,422.5028381347656
2025-01-06,244.73092651367188,197.7347412109375,426.99383544921875
2025-01-07,241.94400024414062,196.4861602783203,421.5247802734375
2025-01-08,242.43344116210938,195.1676483154297,423.7104187011719
2025-01-10,236.58987426757812,192.95018005371094,418.11163330078125
2025-01-13,234.14256286621094,192.0711669921875,416.35516357421875
2025-01-14,233.02378845214844,190.8325958251953,414.8382263183594
2025-01-15,237.60874938964844,196.75584411621094,425.4569091796875
2025-01-16,228.00930786132812,194.1887664794922,423.7303466796875
2025-01-17,229.7274169921875,197.3251953125,428.1714782714844
2025-01-21,222.39547729492188,199.40283203125,427.64251708984375
2025-01-22,223.58416748046875,199.8023681640625,445.30712890625
2025-01-23,223.41436767578125,199.35289001464844,445.8160705566406
2025-01-24,222.5353240966797,201.6702423095703,443.17138671875
2025-01-27,229.6075439453125,193.54949951171875,433.6903991699219
2025-01-28,237.99832153320312,196.8457489013672,446.30511474609375
2025-01-29,239.0971221923828,196.9556121826172,441.44482421875
2025-01-30,237.3290557861328,202.3994140625,414.1595458984375
2025-01-31,235.74081420898438,205.3660430908203,414.22943115234375
2025-02-03,227.75958251953125,202.40939331054688,410.09771728515625
2025-02-04,232.54432678222656,207.4736328125,411.5447998046875
2025-02-05,232.21469116210938,193.0800323486328,412.4629821777344
2025-02-06,232.9638671875,193.0900115966797,414.9879150390625
2025-02-07,227.3800048828125,186.92703247070312,408.9300537109375
2025-02-10,227.64999389648438,187.98582458496094,411.3951110839844
2025-02-11,232.6199951171875,186.8571319580078,410.6166687011719
2025-02-12,236.8699951171875,185.21897888183594,408.2214660644531
2025-02-13,241.52999877929688,187.66619873046875,409.7184753417969
2025-02-14,244.60000610351562,186.6573486328125,407.6126708984375
2025-02-18,244.47000122070312,185.58856201171875,408.8202819824219
2025-02-19,244.8699951171875,186.91705322265625,413.94000244140625
2025-02-20,245.8300018310547,186.4276123046875,416.1300048828125
2025-02-21,245.5500030517578,181.3733673095703,408.2099914550781
2025-02-24,247.10000610351562,180.9838104248047,404.0
2025-02-25,247.0399932861328,177.16815185546875,397.8999938964844
2025-02-26,240.36000061035156,174.50119018554688,399.7300109863281
2025-02-27,237.3000030517578,170.0163116455078,392.5299987792969
2025-02-28,241.83999633789062,172.02401733398438,396.989990234375
2025-03-03,238.02999877929688,168.46807861328125,388.489990234375
2025-03-04,235.92999267578125,172.41357421875,388.6099853515625
2025-03-05,235.74000549316406,174.79087829589844,401.0199890136719
2025-03-06,235.3300018310547,174.0117645263672,396.8900146484375
2025-03-07,239.07000732421875,175.5500030517578,393.30999755859375
2025-03-10,227.47999572753906,167.80999755859375,380.1600036621094
2025-03-11,220.83999633789062,165.97999572753906,380.45001220703125
2025-03-12,216.97999572753906,169.0,383.2699890136719
2025-03-13,209.67999267578125,164.72999572753906,378.7699890136719
2025-03-14,213.49000549316406,167.6199951171875,388.55999755859375
2025-03-17,214.0,166.57000732421875,388.70001220703125
2025-03-18,212.69000244140625,162.6699981689453,383.5199890136719
2025-03-19,215.24000549316406,166.27999877929688,387.82000732421875
2025-03-20,214.10000610351562,165.0500030517578,386.8399963378906
2025-03-21,218.27000427246094,166.25,391.260009765625
2025-03-24,220.72999572753906,169.92999267578125,393.0799865722656
2025-03-25,223.75,172.7899932861328,395.1600036621094
2025-03-26,221.52999877929688,167.13999938964844,389.9700012207031
2025-03-27,223.85000610351562,164.0800018310547,390.5799865722656
2025-03-28,217.89999389648438,156.05999755859375,378.79998779296875
2025-03-31,222.1300048828125,156.22999572753906,375.3900146484375
2025-04-01,223.19000244140625,158.8800048828125,382.19000244140625
2025-04-02,223.88999938964844,158.86000061035156,382.1400146484375
2025-04-03,203.19000244140625,152.6300048828125,373.1099853515625
2025-04-04,188.3800048828125,147.74000549316406,359.8399963378906
2025-04-07,181.4600067138672,149.24000549316406,357.8599853515625
2025-04-08,172.4199981689453,146.5800018310547,354.55999755859375
2025-04-09,198.85000610351562,161.05999755859375,390.489990234375
2025-04-10,190.4199981689453,155.3699951171875,381.3500061035156
2025-04-11,198.14999389648438,159.39999389648438,388.45001220703125
2025-04-14,202.52000427246094,161.47000122070312,387.80999755859375
2025-04-15,202.13999938964844,158.67999267578125,385.7300109863281
2025-04-16,194.27000427246094,155.5,371.6099853515625
